State_TW,State_EN,Gender,總 計 Total,新北巿 New Taipei City,臺北市 Taipei City,桃園巿 Taoyuan City,臺中市 Taichung City,臺南市 Tainan City,高雄市 Kaohsiung City,宜蘭縣 Yilan County,新竹縣 Hsinchu County,苗栗縣 Miaoli County,彰化縣 Changhua County,南投縣 Nantou County,雲林縣 Yunlin County,嘉義縣 Chiayi County,屏東縣 Pingtung County,臺東縣 Taitung County,花蓮縣 Hualien County,澎湖縣 Penghu County,基隆市 Keelung City,新竹市 Hsinchu City,嘉義市 Chiayi City,金門縣 Kinmen County,連江縣 Lienchiang County
無國籍,(STATELESS),Male,46,16,10,5,4,7,2,0,0,0,0,1,0,0,0,0,0,0,0,1,0,0,0
無國籍,(STATELESS),Female,54,3,4,5,5,8,1,7,1,0,4,1,9,0,2,2,0,0,1,1,0,0,0
阿富汗,(AFGHANISTAN),Male,1,0,1,0,0,0,0,0,0,0,0,0,0,0,0,0,0,0,0,0,0,0,0
阿富汗,(AFGHANISTAN),Female,0,0,0,0,0,0,0,0,0,0,0,0,0,0,0,0,0,0,0,0,0,0,0
不丹,(BHUTAN),Male,11,0,4,0,3,2,0,0,0,0,0,0,0,0,0,0,2,0,0,0,0,0,0
不丹,(BHUTAN),Female,0,0,0,0,0,0,0,0,0,0,0,0,0,0,0,0,0,0,0,0,0,0,0
汶萊,(BRUNEI DARUSSALAM),Male,2,0,1,1,0,0,0,0,0,0,0,0,0,0,0,0,0,0,0,0,0,0,0
汶萊,(BRUNEI DARUSSALAM),Female,6,1,3,0,0,1,0,0,0,0,0,0,0,0,0,0,0,0,0,0,0,1,0
緬甸,(MYANMAR),Male,483,170,56,31,25,35,73,2,5,2,9,7,1,3,3,1,5,0,6,23,0,18,8
緬甸,(MYANMAR),Female,830,374,144,77,42,30,35,5,19,9,24,8,2,11,8,3,6,0,9,22,1,0,1
柬埔寨,(CAMBODIA),Male,13,1,4,2,2,1,0,0,0,0,1,0,0,0,1,0,1,0,0,0,0,0,0
柬埔寨,(CAMBODIA),Female,67,12,4,8,10,2,5,1,2,0,3,5,3,2,1,0,4,1,4,0,0,0,0
斯里蘭卡,(SRI LANKA),Male,37,7,8,10,2,1,5,0,1,0,0,0,0,0,0,0,2,0,0,1,0,0,0
斯里蘭卡,(SRI LANKA),Female,12,1,5,1,2,2,1,0,0,0,0,0,0,0,0,0,0,0,0,0,0,0,0
印度,(INDIA),Male,"2,114",254,765,141,136,94,98,4,32,11,16,13,2,74,5,8,37,0,18,402,4,0,0
印度,(INDIA),Female,852,130,327,58,31,30,34,5,9,6,2,7,0,6,1,0,20,0,9,176,1,0,0
印尼,(INDONESIA),Male,"57,636","6,559",882,"9,849","9,100","5,327","5,919","1,630",981,"1,793","6,842","1,108","1,513","1,090","2,052",159,287,"1,297",544,475,145,52,32
印尼,(INDONESIA),Female,"174,614","29,010","28,906","15,853","18,492","11,596","14,442","4,343","4,639","5,317","8,811","3,999","5,704","4,313","4,797","1,379","2,743",813,"2,812","4,050","1,855",644,96
伊朗,(IRAN),Male,72,14,16,9,5,9,4,0,0,0,3,1,1,3,0,0,0,0,0,7,0,0,0
伊朗,(IRAN),Female,27,4,4,3,0,4,4,0,0,1,0,0,1,1,0,0,1,0,0,4,0,0,0
伊拉克,(IRAQ),Male,17,2,8,0,3,2,0,0,1,0,0,0,0,0,0,0,1,0,0,0,0,0,0
伊拉克,(IRAQ),Female,1,0,0,0,0,1,0,0,0,0,0,0,0,0,0,0,0,0,0,0,0,0,0
以色列,(ISRAEL),Male,73,13,43,0,6,3,0,0,1,0,1,1,0,0,0,1,0,0,0,3,1,0,0
以色列,(ISRAEL),Female,30,2,24,0,1,0,0,0,0,0,0,0,0,0,0,0,0,0,0,3,0,0,0
日本,(JAPAN),Male,"7,974",712,"3,882",484,782,355,705,37,128,24,58,34,96,14,40,19,38,3,40,503,19,1,0
日本,(JAPAN),Female,"5,557",686,"2,910",260,505,159,452,18,66,19,54,10,56,20,28,8,20,3,20,249,12,2,0
約旦,(JORDAN),Male,71,8,22,21,2,5,3,0,2,0,0,0,0,1,0,0,0,0,0,7,0,0,0
約旦,(JORDAN),Female,32,1,8,22,0,0,0,0,0,0,0,0,0,0,0,0,0,0,0,1,0,0,0
韓國,(KOREA),Male,"1,946",318,768,101,209,69,156,7,88,12,20,7,14,6,4,7,12,0,16,126,6,0,0
韓國,(KOREA),Female,"2,275",363,"1,014",116,203,64,156,5,95,14,27,3,6,6,9,12,26,2,24,123,6,1,0
寮國,(LAO PEOPLE'S DEM REP),Male,2,0,0,0,0,0,1,0,0,0,0,0,0,0,1,0,0,0,0,0,0,0,0
寮國,(LAO PEOPLE'S DEM REP),Female,16,2,1,2,2,2,2,2,1,0,0,0,1,0,0,0,0,0,1,0,0,0,0
黎巴嫩,(LEBANON),Male,7,1,3,2,1,0,0,0,0,0,0,0,0,0,0,0,0,0,0,0,0,0,0
黎巴嫩,(LEBANON),Female,0,0,0,0,0,0,0,0,0,0,0,0,0,0,0,0,0,0,0,0,0,0,0
馬來西亞,(MALAYSIA),Male,"10,109","1,460","1,894",967,"1,605",571,804,69,187,75,505,208,321,164,236,15,191,18,132,553,84,50,0
馬來西亞,(MALAYSIA),Female,"9,336","1,479","2,177",702,"1,342",398,821,68,179,60,338,121,363,146,155,34,250,11,93,498,57,43,1
馬爾地夫,(MALDIVES),Male,1,0,0,0,0,0,0,0,0,0,0,0,0,0,1,0,0,0,0,0,0,0,0
馬爾地夫,(MALDIVES),Female,0,0,0,0,0,0,0,0,0,0,0,0,0,0,0,0,0,0,0,0,0,0,0
蒙古,(MONGOLIA),Male,265,16,38,36,50,20,23,2,0,0,39,0,2,24,0,0,11,0,0,3,1,0,0
蒙古,(MONGOLIA),Female,455,21,58,56,90,25,45,5,0,0,67,1,7,38,3,0,18,0,0,15,6,0,0
尼泊爾,(NEPAL),Male,99,13,29,9,3,4,15,2,0,3,1,0,0,2,2,1,6,0,0,8,1,0,0
尼泊爾,(NEPAL),Female,13,2,7,1,0,1,1,0,0,0,0,0,0,0,0,0,0,0,0,1,0,0,0
巴基斯坦,(PAKISTAN),Male,84,14,30,11,5,10,6,0,0,0,0,0,0,0,2,1,0,0,1,4,0,0,0
巴基斯坦,(PAKISTAN),Female,14,2,6,4,0,0,1,0,0,0,0,0,0,0,0,0,0,0,0,1,0,0,0
菲律賓,(PHILIPPINES),Male,"52,660","4,484",379,"14,602","6,265","6,029","5,007","1,084","5,116","2,111","2,640",444,561,826,977,40,431,239,194,"1,106",116,0,9
菲律賓,(PHILIPPINES),Female,"88,870","8,131","6,462","16,349","10,521","9,544","10,846","1,035","8,622","4,511","2,799",618,"1,189",666,"1,420",236,"1,081",40,515,"3,757",450,62,16
沙烏地阿拉伯,(SAUDI ARABIA),Male,1,0,0,1,0,0,0,0,0,0,0,0,0,0,0,0,0,0,0,0,0,0,0
沙烏地阿拉伯,(SAUDI ARABIA),Female,0,0,0,0,0,0,0,0,0,0,0,0,0,0,0,0,0,0,0,0,0,0,0
新加坡,(SINGAPORE),Male,778,104,293,52,46,17,53,5,47,5,7,3,49,0,46,0,6,0,7,38,0,0,0
新加坡,(SINGAPORE),Female,649,90,277,25,31,15,43,6,32,3,4,5,29,0,36,3,9,0,3,34,3,1,0
敘利亞,(SYRIAN ARAB),Male,9,4,3,2,0,0,0,0,0,0,0,0,0,0,0,0,0,0,0,0,0,0,0
敘利亞,(SYRIAN ARAB),Female,2,2,0,0,0,0,0,0,0,0,0,0,0,0,0,0,0,0,0,0,0,0,0
泰國,(THAILAND),Male,"50,554","6,832",219,"14,399","8,837","4,309","2,469",701,"1,541","1,430","4,870","1,114","1,388",896,493,24,564,0,110,284,72,1,1
泰國,(THAILAND),Female,"13,609","2,327",524,"3,680","1,427","1,141",758,60,435,648,"1,077",401,229,207,158,15,62,0,187,238,30,3,2
帝汶,(TIMOR),Male,0,0,0,0,0,0,0,0,0,0,0,0,0,0,0,0,0,0,0,0,0,0,0
帝汶,(TIMOR),Female,4,0,0,0,0,0,0,0,0,0,0,0,0,0,4,0,0,0,0,0,0,0,0
土耳其,(TURKEY),Male,232,47,63,15,31,49,8,1,4,0,0,0,0,0,2,0,2,0,3,4,3,0,0
土耳其,(TURKEY),Female,59,30,22,0,3,2,0,0,0,0,1,0,0,1,0,0,0,0,0,0,0,0,0
越南,(VIETNAM),Male,"108,444","14,622",944,"17,926","22,821","10,556","9,446","1,522","2,984","2,275","13,995","1,899","3,591","1,885","1,938",285,234,63,370,887,143,35,23
越南,(VIETNAM),Female,"75,464","15,176","3,560","12,411","9,645","6,399","6,373","1,335","2,661","1,908","6,137","1,682","2,087","1,194","1,707",297,458,92,661,"1,214",371,76,20
香港,(HONG KONG),Male,1,0,1,0,0,0,0,0,0,0,0,0,0,0,0,0,0,0,0,0,0,0,0
香港,(HONG KONG),Female,0,0,0,0,0,0,0,0,0,0,0,0,0,0,0,0,0,0,0,0,0,0,0
孟加拉,(BANGLADESH),Male,34,4,11,6,4,3,0,0,0,0,1,0,0,0,1,0,2,0,1,0,0,1,0
孟加拉,(BANGLADESH),Female,4,0,0,1,0,1,0,0,0,0,0,0,1,0,0,0,1,0,0,0,0,0,0
吉里巴斯,(KIRIBATI),Male,25,7,3,1,2,6,4,1,0,0,0,0,0,0,0,0,0,0,0,1,0,0,0
吉里巴斯,(KIRIBATI),Female,35,13,2,1,1,3,12,2,0,0,0,0,0,0,0,0,1,0,0,0,0,0,0
吐瓦魯,(TUVALU),Male,18,5,1,2,1,0,2,0,0,0,0,0,0,0,3,0,4,0,0,0,0,0,0
吐瓦魯,(TUVALU),Female,18,9,3,5,0,0,0,0,0,0,0,0,0,0,1,0,0,0,0,0,0,0,0
阿拉伯聯合大公國,(UNITED ARAB),Male,1,0,1,0,0,0,0,0,0,0,0,0,0,0,0,0,0,0,0,0,0,0,0
阿拉伯聯合大公國,(UNITED ARAB),Female,0,0,0,0,0,0,0,0,0,0,0,0,0,0,0,0,0,0,0,0,0,0,0
索羅門,(SOLOMON),Male,46,13,2,7,0,2,18,2,0,0,0,0,0,1,1,0,0,0,0,0,0,0,0
索羅門,(SOLOMON),Female,40,17,0,4,0,0,13,1,0,0,0,0,0,1,3,1,0,0,0,0,0,0,0
葉門,(YEMEN),Male,3,0,1,0,1,0,0,0,0,0,0,0,0,0,0,0,0,0,0,1,0,0,0
葉門,(YEMEN),Female,0,0,0,0,0,0,0,0,0,0,0,0,0,0,0,0,0,0,0,0,0,0,0
巴勒斯坦,(PALESTINIAN),Male,5,0,0,0,0,0,0,0,0,0,0,0,0,0,0,0,0,0,0,5,0,0,0
巴勒斯坦,(PALESTINIAN),Female,0,0,0,0,0,0,0,0,0,0,0,0,0,0,0,0,0,0,0,0,0,0,0
澳大利亞,(AUSTRALIA),Male,564,80,242,34,44,26,51,4,13,4,7,6,5,4,4,8,4,3,1,19,5,0,0
澳大利亞,(AUSTRALIA),Female,290,35,147,12,22,12,35,5,3,2,1,2,4,0,5,0,0,0,0,3,2,0,0
斐濟,(FIJI),Male,1,0,0,0,0,0,0,0,0,1,0,0,0,0,0,0,0,0,0,0,0,0,0
斐濟,(FIJI),Female,6,0,3,0,0,0,3,0,0,0,0,0,0,0,0,0,0,0,0,0,0,0,0
諾魯,(NAURU),Male,8,2,2,1,0,2,0,1,0,0,0,0,0,0,0,0,0,0,0,0,0,0,0
諾魯,(NAURU),Female,10,7,1,0,0,0,2,0,0,0,0,0,0,0,0,0,0,0,0,0,0,0,0
紐西蘭,(NEW ZEALAND),Male,204,32,68,15,31,9,20,2,1,0,2,3,1,3,3,0,2,1,3,7,0,1,0
紐西蘭,(NEW ZEALAND),Female,100,10,53,6,7,4,6,1,1,2,0,0,2,3,1,2,0,0,0,1,0,1,0
東加王國,(TONGA),Male,2,0,0,2,0,0,0,0,0,0,0,0,0,0,0,0,0,0,0,0,0,0,0
東加王國,(TONGA),Female,3,1,1,0,0,0,0,0,0,0,0,0,1,0,0,0,0,0,0,0,0,0,0
西薩摩亞,(WESTERN SAMOA),Male,1,0,0,1,0,0,0,0,0,0,0,0,0,0,0,0,0,0,0,0,0,0,0
西薩摩亞,(WESTERN SAMOA),Female,1,0,0,1,0,0,0,0,0,0,0,0,0,0,0,0,0,0,0,0,0,0,0
萬那杜,(VANUATU),Male,1,0,0,1,0,0,0,0,0,0,0,0,0,0,0,0,0,0,0,0,0,0,0
萬那杜,(VANUATU),Female,1,0,1,0,0,0,0,0,0,0,0,0,0,0,0,0,0,0,0,0,0,0,0
密克羅尼西亞,(MICRONESIA),Male,0,0,0,0,0,0,0,0,0,0,0,0,0,0,0,0,0,0,0,0,0,0,0
密克羅尼西亞,(MICRONESIA),Female,1,0,0,0,0,0,0,0,0,0,0,0,0,0,1,0,0,0,0,0,0,0,0
帛琉,(PALAU),Male,9,0,2,3,1,1,2,0,0,0,0,0,0,0,0,0,0,0,0,0,0,0,0
帛琉,(PALAU),Female,24,1,12,4,1,0,3,2,0,0,0,0,0,0,0,0,0,0,1,0,0,0,0
阿爾巴尼亞,(ALBANIA),Male,1,0,0,0,0,0,0,0,0,0,0,0,0,0,0,0,1,0,0,0,0,0,0
阿爾巴尼亞,(ALBANIA),Female,1,0,1,0,0,0,0,0,0,0,0,0,0,0,0,0,0,0,0,0,0,0,0
奧地利,(AUSTRIA),Male,79,16,29,5,9,2,5,0,2,1,2,0,0,1,0,0,1,0,2,4,0,0,0
奧地利,(AUSTRIA),Female,33,4,15,2,3,0,6,1,0,1,0,0,0,0,0,1,0,0,0,0,0,0,0
比利時,(BELGIUM),Male,98,27,32,9,11,4,5,1,2,0,0,0,2,0,0,0,0,0,0,5,0,0,0
比利時,(BELGIUM),Female,24,6,10,2,2,2,1,0,0,0,0,0,1,0,0,0,0,0,0,0,0,0,0
保加利亞,(BULGARIA),Male,11,0,3,1,0,0,2,0,0,0,2,0,0,0,0,0,1,0,0,2,0,0,0
保加利亞,(BULGARIA),Female,7,0,2,0,2,0,0,0,0,0,0,0,0,0,0,0,1,0,0,2,0,0,0
白俄羅斯,(BELARUS),Male,37,5,9,2,3,0,1,0,3,0,0,0,0,0,0,0,12,0,0,2,0,0,0
白俄羅斯,(BELARUS),Female,33,3,8,2,3,0,2,0,0,0,0,0,0,0,1,0,13,0,0,1,0,0,0
捷克,(CZECH),Male,59,5,28,3,4,7,6,2,0,1,0,0,0,0,0,0,2,0,0,1,0,0,0
捷克,(CZECH),Female,28,6,9,2,6,1,2,0,0,0,0,0,0,0,0,0,0,0,0,2,0,0,0
丹麥,(DENMARK),Male,56,7,29,4,6,2,4,1,0,0,0,0,0,0,0,0,0,0,1,2,0,0,0
丹麥,(DENMARK),Female,25,1,14,1,4,0,1,0,0,2,0,0,1,0,0,0,0,0,0,1,0,0,0
芬蘭,(FINLAND),Male,34,10,18,1,2,0,1,0,0,0,0,0,0,0,0,0,0,0,0,2,0,0,0
芬蘭,(FINLAND),Female,13,2,4,0,0,0,0,1,0,0,0,0,0,0,1,0,0,0,0,5,0,0,0
法國,(FRANCE),Male,"1,086",165,533,44,94,49,82,6,16,3,15,6,4,2,6,5,11,5,5,33,2,0,0
法國,(FRANCE),Female,382,55,217,17,28,13,28,0,7,0,3,0,1,0,0,1,2,0,2,8,0,0,0
德國,(GERMANY),Male,675,101,323,31,53,31,54,4,10,6,2,7,2,5,4,3,1,0,4,30,4,0,0
德國,(GERMANY),Female,220,21,124,4,18,12,8,0,2,0,2,0,1,1,1,0,6,0,1,19,0,0,0
希臘,(GREECE),Male,38,8,18,3,2,1,0,0,2,1,0,0,1,0,0,0,1,0,0,1,0,0,0
希臘,(GREECE),Female,5,1,1,0,0,0,1,0,0,0,0,0,0,0,0,0,0,0,0,2,0,0,0
匈牙利,(HUNGARY),Male,45,8,14,6,5,2,4,1,1,0,0,1,0,0,0,0,0,0,0,2,1,0,0
匈牙利,(HUNGARY),Female,32,1,13,1,2,1,3,6,1,0,1,0,0,1,0,0,0,0,0,2,0,0,0
冰島,(ICELAND),Male,6,0,3,2,1,0,0,0,0,0,0,0,0,0,0,0,0,0,0,0,0,0,0
冰島,(ICELAND),Female,4,0,1,0,3,0,0,0,0,0,0,0,0,0,0,0,0,0,0,0,0,0,0
愛爾蘭,(IRELAND),Male,131,27,39,5,21,5,15,1,5,0,1,0,1,1,1,2,3,0,0,3,1,0,0
愛爾蘭,(IRELAND),Female,24,4,11,1,0,1,4,0,0,0,0,0,1,0,0,0,0,0,0,2,0,0,0
義大利,(ITALY),Male,323,54,119,21,33,11,37,12,8,1,3,1,1,1,7,4,0,0,1,8,0,1,0
義大利,(ITALY),Female,101,15,45,3,6,3,18,0,2,1,1,0,0,0,6,0,0,0,0,1,0,0,0
盧森堡,(LUXEMBOURG),Male,1,0,1,0,0,0,0,0,0,0,0,0,0,0,0,0,0,0,0,0,0,0,0
盧森堡,(LUXEMBOURG),Female,0,0,0,0,0,0,0,0,0,0,0,0,0,0,0,0,0,0,0,0,0,0,0
馬爾他,(MALTA),Male,1,0,1,0,0,0,0,0,0,0,0,0,0,0,0,0,0,0,0,0,0,0,0
馬爾他,(MALTA),Female,0,0,0,0,0,0,0,0,0,0,0,0,0,0,0,0,0,0,0,0,0,0,0
荷蘭,(NETHERLANDS),Male,233,38,91,22,19,11,22,2,5,0,2,1,0,1,0,1,3,0,2,13,0,0,0
荷蘭,(NETHERLANDS),Female,54,6,35,0,5,1,4,0,0,0,1,0,0,0,0,0,1,0,0,1,0,0,0
挪威,(NORWAY),Male,18,3,13,0,0,0,2,0,0,0,0,0,0,0,0,0,0,0,0,0,0,0,0
挪威,(NORWAY),Female,6,2,2,0,1,0,0,0,0,0,0,0,0,0,0,1,0,0,0,0,0,0,0
波蘭,(POLAND),Male,100,21,32,6,5,2,13,0,2,0,0,0,0,1,0,0,3,0,1,10,4,0,0
波蘭,(POLAND),Female,95,27,35,4,6,5,8,1,1,0,2,0,0,0,0,0,0,0,1,5,0,0,0
葡萄牙,(PORTUGAL),Male,66,7,12,4,8,3,25,1,1,0,0,2,0,0,0,0,0,0,0,3,0,0,0
葡萄牙,(PORTUGAL),Female,19,4,9,1,2,0,2,0,0,0,0,1,0,0,0,0,0,0,0,0,0,0,0
羅馬尼亞,(ROMANIA),Male,26,3,14,3,2,0,3,0,0,0,0,0,1,0,0,0,0,0,0,0,0,0,0
羅馬尼亞,(ROMANIA),Female,14,0,9,0,3,0,1,0,1,0,0,0,0,0,0,0,0,0,0,0,0,0,0
西班牙,(SPAIN),Male,272,48,97,11,31,8,47,0,6,1,1,1,0,1,8,0,2,0,1,9,0,0,0
西班牙,(SPAIN),Female,95,9,38,3,7,4,18,0,0,1,0,0,2,1,10,0,2,0,0,0,0,0,0
瑞典,(SWEDEN),Male,111,14,58,7,6,4,5,1,3,0,2,1,0,0,1,0,0,0,0,8,1,0,0
瑞典,(SWEDEN),Female,38,6,23,2,0,0,2,0,0,0,0,0,0,0,0,0,0,0,0,5,0,0,0
瑞士,(SWITZERLAND),Male,139,19,60,16,12,2,10,2,2,1,1,0,0,1,0,4,4,0,0,5,0,0,0
瑞士,(SWITZERLAND),Female,47,4,22,5,3,1,5,1,0,0,1,0,0,1,1,3,0,0,0,0,0,0,0
烏克蘭,(UKRAINE),Male,92,14,12,3,10,2,10,0,7,0,0,0,2,0,1,0,14,0,0,17,0,0,0
烏克蘭,(UKRAINE),Female,94,9,13,3,16,0,28,1,7,0,0,1,0,0,1,0,5,0,0,10,0,0,0
英國,(UNITED KINGDOM),Male,"1,541",242,617,70,178,79,137,14,37,15,30,16,11,4,16,5,18,1,8,40,3,0,0
英國,(UNITED KINGDOM),Female,378,45,195,23,27,11,28,3,9,2,7,6,4,1,4,1,4,0,0,6,2,0,0
巴布亞紐幾內亞,(PAPUA NEW GUINEA),Male,8,0,6,0,0,1,0,0,0,0,0,0,0,0,1,0,0,0,0,0,0,0,0
巴布亞紐幾內亞,(PAPUA NEW GUINEA),Female,10,1,4,1,0,1,0,1,0,0,0,0,0,0,2,0,0,0,0,0,0,0,0
拉脫維亞,(LATVIA),Male,5,0,2,0,0,1,0,0,0,2,0,0,0,0,0,0,0,0,0,0,0,0,0
拉脫維亞,(LATVIA),Female,7,2,4,0,0,0,0,0,0,1,0,0,0,0,0,0,0,0,0,0,0,0,0
愛沙尼亞,(ESTONIA),Male,6,1,2,1,1,0,0,0,0,0,0,0,0,0,0,0,0,0,1,0,0,0,0
愛沙尼亞,(ESTONIA),Female,6,2,3,0,0,0,0,0,1,0,0,0,0,0,0,0,0,0,0,0,0,0,0
亞美尼亞,(ARMENIA),Male,13,2,5,0,2,1,3,0,0,0,0,0,0,0,0,0,0,0,0,0,0,0,0
亞美尼亞,(ARMENIA),Female,7,0,1,0,1,0,5,0,0,0,0,0,0,0,0,0,0,0,0,0,0,0,0
俄羅斯,(RUSSIAN FEDERATION),Male,235,53,82,25,18,8,16,0,6,4,2,0,0,2,2,0,7,0,0,10,0,0,0
俄羅斯,(RUSSIAN FEDERATION),Female,301,51,126,16,27,12,35,1,4,0,3,2,1,4,2,0,3,0,1,13,0,0,0
立陶宛,(LITHUANIA),Male,6,1,3,0,0,0,1,1,0,0,0,0,0,0,0,0,0,0,0,0,0,0,0
立陶宛,(LITHUANIA),Female,7,1,4,1,0,0,0,0,0,0,0,0,0,0,0,0,0,0,1,0,0,0,0
烏玆別克,(UZBEKISTAN),Male,21,1,2,1,1,0,5,0,1,0,0,0,1,0,4,0,1,0,1,3,0,0,0
烏玆別克,(UZBEKISTAN),Female,23,6,2,4,2,0,4,0,1,0,0,0,0,0,3,0,0,0,0,1,0,0,0
哈薩克,(KAZAKHSTAN),Male,12,2,2,1,0,2,1,0,2,0,0,0,0,0,0,0,0,0,0,2,0,0,0
哈薩克,(KAZAKHSTAN),Female,7,0,1,3,2,0,1,0,0,0,0,0,0,0,0,0,0,0,0,0,0,0,0
摩爾多瓦,(MOLDOVA),Male,7,1,0,2,1,0,2,0,0,0,0,0,0,0,0,0,1,0,0,0,0,0,0
摩爾多瓦,(MOLDOVA),Female,4,0,0,0,3,0,0,0,1,0,0,0,0,0,0,0,0,0,0,0,0,0,0
吉爾吉斯,(KYRGYZSTAN),Male,9,1,5,3,0,0,0,0,0,0,0,0,0,0,0,0,0,0,0,0,0,0,0
吉爾吉斯,(KYRGYZSTAN),Female,4,1,2,1,0,0,0,0,0,0,0,0,0,0,0,0,0,0,0,0,0,0,0
塔吉克,(TAJIKISTAN),Male,5,1,1,3,0,0,0,0,0,0,0,0,0,0,0,0,0,0,0,0,0,0,0
塔吉克,(TAJIKISTAN),Female,0,0,0,0,0,0,0,0,0,0,0,0,0,0,0,0,0,0,0,0,0,0,0
土庫曼,(TURKMEN),Male,3,1,0,0,0,0,1,0,0,0,0,0,0,0,0,0,1,0,0,0,0,0,0
土庫曼,(TURKMEN),Female,3,0,0,0,0,0,3,0,0,0,0,0,0,0,0,0,0,0,0,0,0,0,0
亞塞拜然,(AZERBAIJAN),Male,4,3,0,0,1,0,0,0,0,0,0,0,0,0,0,0,0,0,0,0,0,0,0
亞塞拜然,(AZERBAIJAN),Female,0,0,0,0,0,0,0,0,0,0,0,0,0,0,0,0,0,0,0,0,0,0,0
喬治亞,(GEORGIA),Male,4,0,4,0,0,0,0,0,0,0,0,0,0,0,0,0,0,0,0,0,0,0,0
喬治亞,(GEORGIA),Female,2,0,2,0,0,0,0,0,0,0,0,0,0,0,0,0,0,0,0,0,0,0,0
克羅埃西亞,(CROATIA),Male,26,3,6,3,4,4,5,0,0,0,1,0,0,0,0,0,0,0,0,0,0,0,0
克羅埃西亞,(CROATIA),Female,1,0,0,1,0,0,0,0,0,0,0,0,0,0,0,0,0,0,0,0,0,0,0
斯洛維尼亞,(SLOVENIA),Male,7,1,1,0,0,0,0,0,0,0,0,0,0,0,1,0,0,0,0,4,0,0,0
斯洛維尼亞,(SLOVENIA),Female,13,1,2,1,0,0,1,0,0,0,0,0,0,1,0,0,1,0,0,6,0,0,0
馬其頓,(MACEDONIA),Male,13,6,2,1,4,0,0,0,0,0,0,0,0,0,0,0,0,0,0,0,0,0,0
馬其頓,(MACEDONIA),Female,3,2,1,0,0,0,0,0,0,0,0,0,0,0,0,0,0,0,0,0,0,0,0
波士尼亞,(BOSNIA),Male,1,0,0,1,0,0,0,0,0,0,0,0,0,0,0,0,0,0,0,0,0,0,0
波士尼亞,(BOSNIA),Female,1,0,0,0,0,0,0,0,0,0,0,0,0,0,0,0,0,0,0,1,0,0,0
斯洛伐克,(SLOVAKIA),Male,27,5,9,1,1,0,3,1,1,0,0,1,0,0,0,1,0,0,0,3,1,0,0
斯洛伐克,(SLOVAKIA),Female,12,2,8,0,1,1,0,0,0,0,0,0,0,0,0,0,0,0,0,0,0,0,0
塞爾維亞,(SERBIA),Male,15,3,2,3,1,4,2,0,0,0,0,0,0,0,0,0,0,0,0,0,0,0,0
塞爾維亞,(SERBIA),Female,5,1,1,0,1,1,1,0,0,0,0,0,0,0,0,0,0,0,0,0,0,0,0
巴貝多,(BARBADOS),Male,0,0,0,0,0,0,0,0,0,0,0,0,0,0,0,0,0,0,0,0,0,0,0
巴貝多,(BARBADOS),Female,2,0,1,0,0,0,0,0,0,0,1,0,0,0,0,0,0,0,0,0,0,0,0
加拿大,(CANADA),Male,"1,556",243,520,114,186,73,164,18,35,9,20,16,10,6,18,13,20,0,11,65,14,1,0
加拿大,(CANADA),Female,649,76,256,38,89,14,72,5,20,5,12,3,7,3,3,3,5,0,4,26,8,0,0
哥斯大黎加,(COSTA RICA),Male,15,3,3,5,2,0,2,0,0,0,0,0,0,0,0,0,0,0,0,0,0,0,0
哥斯大黎加,(COSTA RICA),Female,11,2,4,3,0,0,0,0,0,0,0,1,0,0,0,1,0,0,0,0,0,0,0
古巴,(CUBA),Male,2,0,1,0,0,1,0,0,0,0,0,0,0,0,0,0,0,0,0,0,0,0,0
古巴,(CUBA),Female,0,0,0,0,0,0,0,0,0,0,0,0,0,0,0,0,0,0,0,0,0,0,0
多明尼加,(DOMINICAN),Male,42,9,8,11,0,3,8,1,0,0,0,0,0,0,0,0,0,0,0,2,0,0,0
多明尼加,(DOMINICAN),Female,24,9,9,3,0,0,1,0,0,0,0,0,0,0,0,0,0,0,0,2,0,0,0
薩爾瓦多,(EL SALVADOR),Male,89,20,29,7,1,19,4,0,0,1,1,1,1,0,2,0,1,0,0,2,0,0,0
薩爾瓦多,(EL SALVADOR),Female,60,15,22,3,2,6,5,0,1,0,1,0,0,0,1,0,2,0,0,2,0,0,0
瓜地馬拉,(GUATEMALA),Male,63,13,15,9,1,5,9,0,0,0,2,0,1,0,2,0,2,0,0,4,0,0,0
瓜地馬拉,(GUATEMALA),Female,58,8,26,7,3,3,6,0,0,0,0,1,0,0,0,0,0,0,0,4,0,0,0
海地,(HAITI),Male,100,12,11,32,4,16,3,2,3,0,1,1,0,0,2,0,0,0,2,11,0,0,0
海地,(HAITI),Female,27,1,2,14,2,3,1,1,0,0,0,0,0,0,0,0,0,0,0,3,0,0,0
宏都拉斯,(HONDURAS),Male,161,24,45,16,4,20,17,2,1,0,0,0,0,1,2,0,1,0,1,27,0,0,0
宏都拉斯,(HONDURAS),Female,95,10,31,10,4,9,13,0,1,0,0,0,1,3,2,0,2,0,1,8,0,0,0
牙買加,(JAMAICA),Male,4,0,0,1,1,0,0,1,0,0,0,0,0,0,0,0,0,0,0,1,0,0,0
牙買加,(JAMAICA),Female,2,0,0,0,1,0,0,0,0,0,0,0,0,0,0,0,0,0,0,1,0,0,0
墨西哥,(MEXICO),Male,138,21,48,19,10,11,7,2,2,0,2,2,2,1,2,2,2,0,0,3,1,1,0
墨西哥,(MEXICO),Female,75,13,22,5,15,3,2,1,0,0,0,2,1,1,3,0,3,0,0,2,0,2,0
尼加拉瓜,(NICARAGUA),Male,97,20,32,13,6,11,6,0,0,0,0,0,0,0,1,0,1,0,0,7,0,0,0
尼加拉瓜,(NICARAGUA),Female,57,6,23,3,1,16,4,0,0,0,0,0,0,1,0,0,1,0,0,2,0,0,0
巴拿馬,(PANAMA),Male,73,7,38,3,1,10,2,0,0,0,0,0,0,0,2,0,0,0,1,9,0,0,0
巴拿馬,(PANAMA),Female,71,5,48,1,2,6,1,0,0,0,1,0,0,0,1,0,0,0,1,5,0,0,0
美國,(U S A),Male,"7,169","1,030","2,924",379,971,283,541,63,196,40,86,35,39,24,46,48,67,8,35,298,41,14,1
美國,(U S A),Female,"3,037",325,"1,354",118,469,85,259,28,71,12,33,18,15,13,17,36,19,4,16,105,11,29,0
格瑞那達,(GRENADA),Male,1,1,0,0,0,0,0,0,0,0,0,0,0,0,0,0,0,0,0,0,0,0,0
格瑞那達,(GRENADA),Female,0,0,0,0,0,0,0,0,0,0,0,0,0,0,0,0,0,0,0,0,0,0,0
馬紹爾群島國,(MARSHALL),Male,14,3,2,0,1,0,6,0,0,0,0,0,0,0,0,0,2,0,0,0,0,0,0
馬紹爾群島國,(MARSHALL),Female,15,2,7,0,0,0,4,1,0,0,0,0,0,0,0,0,1,0,0,0,0,0,0
阿根廷,(ARGENTINA),Male,37,5,12,2,5,1,4,1,1,0,0,0,1,0,1,0,0,0,0,2,0,2,0
阿根廷,(ARGENTINA),Female,19,2,5,5,1,0,0,1,0,0,0,0,0,0,1,0,0,0,2,0,0,2,0
玻利維亞,(BOLIVIA),Male,13,1,4,3,1,1,1,0,0,0,1,0,0,0,0,0,0,0,0,1,0,0,0
玻利維亞,(BOLIVIA),Female,4,0,1,3,0,0,0,0,0,0,0,0,0,0,0,0,0,0,0,0,0,0,0
巴西,(BRAZIL),Male,146,30,39,16,11,6,15,4,0,1,1,3,0,10,1,0,4,0,0,3,1,1,0
巴西,(BRAZIL),Female,128,24,39,16,10,6,9,1,1,1,3,0,4,1,4,1,2,0,2,1,3,0,0
智利,(CHILE),Male,30,10,8,2,3,2,0,0,1,0,0,0,0,0,1,0,0,0,2,1,0,0,0
智利,(CHILE),Female,19,8,5,0,1,1,1,0,0,0,1,0,0,0,0,0,0,0,1,1,0,0,0
哥倫比亞,(COLOMBIA),Male,55,8,17,4,6,4,4,1,3,0,0,1,0,1,0,1,0,0,0,5,0,0,0
哥倫比亞,(COLOMBIA),Female,34,8,11,3,1,2,6,0,0,0,0,0,0,0,0,0,0,0,0,2,1,0,0
厄瓜多,(ECUADOR),Male,31,15,6,0,3,1,2,1,0,0,0,0,0,0,1,0,0,0,0,2,0,0,0
厄瓜多,(ECUADOR),Female,18,9,4,2,0,0,3,0,0,0,0,0,0,0,0,0,0,0,0,0,0,0,0
烏拉圭,(URUGUAY),Male,4,0,1,1,0,0,1,0,0,0,0,0,0,0,0,0,0,0,1,0,0,0,0
烏拉圭,(URUGUAY),Female,11,1,1,3,1,0,1,0,0,0,0,0,0,0,1,0,1,0,1,1,0,0,0
巴拉圭,(PARAGUAY),Male,59,9,19,3,3,9,2,7,1,0,0,1,0,0,0,1,0,0,0,4,0,0,0
巴拉圭,(PARAGUAY),Female,66,14,20,2,4,5,6,8,0,0,0,1,0,0,1,0,1,0,0,2,2,0,0
秘魯,(PERU),Male,40,4,16,7,4,2,0,2,1,0,0,0,0,0,2,0,0,0,1,0,1,0,0
秘魯,(PERU),Female,23,4,9,0,5,1,3,0,0,0,0,0,0,0,0,0,0,0,0,1,0,0,0
蘇利南,(SURINAME),Male,1,1,0,0,0,0,0,0,0,0,0,0,0,0,0,0,0,0,0,0,0,0,0
蘇利南,(SURINAME),Female,0,0,0,0,0,0,0,0,0,0,0,0,0,0,0,0,0,0,0,0,0,0,0
千里達,(TRINIDAD),Male,2,0,0,0,1,0,0,0,0,0,1,0,0,0,0,0,0,0,0,0,0,0,0
千里達,(TRINIDAD),Female,1,0,0,0,0,0,1,0,0,0,0,0,0,0,0,0,0,0,0,0,0,0,0
委內瑞拉,(VENEZUELA),Male,53,6,10,29,1,0,2,1,0,0,0,0,0,0,0,0,0,0,0,4,0,0,0
委內瑞拉,(VENEZUELA),Female,28,4,4,15,1,0,0,0,0,0,0,0,0,0,0,0,0,0,0,4,0,0,0
多米尼克,(DOMINICA),Male,1,0,1,0,0,0,0,0,0,0,0,0,0,0,0,0,0,0,0,0,0,0,0
多米尼克,(DOMINICA),Female,0,0,0,0,0,0,0,0,0,0,0,0,0,0,0,0,0,0,0,0,0,0,0
阿爾及利亞,(ALGERIA),Male,5,2,1,1,0,0,0,0,0,0,0,0,0,0,0,0,0,0,0,1,0,0,0
阿爾及利亞,(ALGERIA),Female,3,1,0,0,0,0,0,0,0,0,0,0,0,0,0,0,0,0,0,2,0,0,0
波札那,(BOTSWANA),Male,1,0,0,0,0,0,0,0,0,0,0,0,0,0,0,0,0,0,0,1,0,0,0
波札那,(BOTSWANA),Female,2,0,0,0,0,0,2,0,0,0,0,0,0,0,0,0,0,0,0,0,0,0,0
中非共和國,(CENTRAL AFRICAN REPUBLIC),Male,0,0,0,0,0,0,0,0,0,0,0,0,0,0,0,0,0,0,0,0,0,0,0
中非共和國,(CENTRAL AFRICAN REPUBLIC),Female,1,0,0,1,0,0,0,0,0,0,0,0,0,0,0,0,0,0,0,0,0,0,0
喀麥隆,(CAMEROON),Male,6,2,3,0,1,0,0,0,0,0,0,0,0,0,0,0,0,0,0,0,0,0,0
喀麥隆,(CAMEROON),Female,0,0,0,0,0,0,0,0,0,0,0,0,0,0,0,0,0,0,0,0,0,0,0
查德,(CHAD),Male,3,1,2,0,0,0,0,0,0,0,0,0,0,0,0,0,0,0,0,0,0,0,0
查德,(CHAD),Female,3,2,1,0,0,0,0,0,0,0,0,0,0,0,0,0,0,0,0,0,0,0,0
剛果,(CONGO),Male,9,1,0,1,0,0,4,0,0,0,0,0,0,1,0,0,0,0,0,2,0,0,0
剛果,(CONGO),Female,0,0,0,0,0,0,0,0,0,0,0,0,0,0,0,0,0,0,0,0,0,0,0
貝南,(BENIN),Male,2,1,1,0,0,0,0,0,0,0,0,0,0,0,0,0,0,0,0,0,0,0,0
貝南,(BENIN),Female,0,0,0,0,0,0,0,0,0,0,0,0,0,0,0,0,0,0,0,0,0,0,0
衣索匹亞,(ETHIOPIA),Male,119,7,105,3,3,0,0,0,0,0,0,0,0,1,0,0,0,0,0,0,0,0,0
衣索匹亞,(ETHIOPIA),Female,12,0,9,0,3,0,0,0,0,0,0,0,0,0,0,0,0,0,0,0,0,0,0
甘比亞,(GAMBIA),Male,119,23,25,40,6,5,3,0,0,0,0,1,0,0,3,0,5,0,0,8,0,0,0
甘比亞,(GAMBIA),Female,31,4,6,10,2,0,0,0,0,0,0,0,0,0,3,0,3,0,0,3,0,0,0
迦納,(GHANA),Male,21,10,2,0,2,2,0,0,0,0,0,0,1,0,0,0,1,0,0,2,1,0,0
迦納,(GHANA),Female,3,3,0,0,0,0,0,0,0,0,0,0,0,0,0,0,0,0,0,0,0,0,0
幾內亞,(GUINEA),Male,6,0,2,1,0,1,0,1,0,0,0,0,0,0,0,0,0,0,0,0,1,0,0
幾內亞,(GUINEA),Female,0,0,0,0,0,0,0,0,0,0,0,0,0,0,0,0,0,0,0,0,0,0,0
象牙海岸,(COTE D'IVOIRE),Male,4,0,2,0,0,0,0,0,0,0,0,0,0,0,0,0,2,0,0,0,0,0,0
象牙海岸,(COTE D'IVOIRE),Female,0,0,0,0,0,0,0,0,0,0,0,0,0,0,0,0,0,0,0,0,0,0,0
肯亞,(KENYA),Male,23,0,13,0,1,2,6,0,0,0,0,0,0,0,0,0,0,0,0,1,0,0,0
肯亞,(KENYA),Female,7,2,3,1,1,0,0,0,0,0,0,0,0,0,0,0,0,0,0,0,0,0,0
利比亞,(LIBYA),Male,2,0,2,0,0,0,0,0,0,0,0,0,0,0,0,0,0,0,0,0,0,0,0
利比亞,(LIBYA),Female,0,0,0,0,0,0,0,0,0,0,0,0,0,0,0,0,0,0,0,0,0,0,0
馬達加斯加,(MADAGASCAR),Male,2,1,0,0,0,0,0,0,0,0,0,1,0,0,0,0,0,0,0,0,0,0,0
馬達加斯加,(MADAGASCAR),Female,0,0,0,0,0,0,0,0,0,0,0,0,0,0,0,0,0,0,0,0,0,0,0
馬拉威,(MALAWI),Male,35,2,23,1,1,2,0,0,0,0,0,0,4,0,0,0,1,0,1,0,0,0,0
馬拉威,(MALAWI),Female,12,0,5,0,1,1,4,0,0,0,0,0,0,1,0,0,0,0,0,0,0,0,0
馬利,(MALI),Male,1,0,0,0,0,0,0,0,0,0,0,0,1,0,0,0,0,0,0,0,0,0,0
馬利,(MALI),Female,0,0,0,0,0,0,0,0,0,0,0,0,0,0,0,0,0,0,0,0,0,0,0
模里西斯,(MAURITIUS),Male,12,2,7,0,1,1,0,0,0,0,0,0,0,1,0,0,0,0,0,0,0,0,0
模里西斯,(MAURITIUS),Female,12,2,5,0,0,0,3,1,0,0,0,0,0,0,0,0,1,0,0,0,0,0,0
摩洛哥,(MOROCCO),Male,22,3,6,1,3,2,3,0,0,0,2,0,0,0,0,0,0,0,0,1,1,0,0
摩洛哥,(MOROCCO),Female,2,0,1,1,0,0,0,0,0,0,0,0,0,0,0,0,0,0,0,0,0,0,0
尼日,(NIGER),Male,4,1,2,1,0,0,0,0,0,0,0,0,0,0,0,0,0,0,0,0,0,0,0
尼日,(NIGER),Female,1,0,0,1,0,0,0,0,0,0,0,0,0,0,0,0,0,0,0,0,0,0,0
奈及利亞,(NIGERIA),Male,76,32,17,7,5,2,4,0,1,0,1,0,0,0,0,0,0,0,0,7,0,0,0
奈及利亞,(NIGERIA),Female,7,4,3,0,0,0,0,0,0,0,0,0,0,0,0,0,0,0,0,0,0,0,0
辛巴威,(ZIMBABWE),Male,5,1,2,0,0,1,0,0,0,0,0,0,0,0,1,0,0,0,0,0,0,0,0
辛巴威,(ZIMBABWE),Female,6,1,1,1,1,0,1,0,0,0,0,0,0,0,0,0,0,0,0,1,0,0,0
盧安達,(RWANDA),Male,0,0,0,0,0,0,0,0,0,0,0,0,0,0,0,0,0,0,0,0,0,0,0
盧安達,(RWANDA),Female,1,0,0,0,0,0,1,0,0,0,0,0,0,0,0,0,0,0,0,0,0,0,0
塞內加爾,(SENEGAL),Male,3,0,0,2,0,0,0,0,0,0,1,0,0,0,0,0,0,0,0,0,0,0,0
塞內加爾,(SENEGAL),Female,1,0,1,0,0,0,0,0,0,0,0,0,0,0,0,0,0,0,0,0,0,0,0
獅子山,(SIERRA LEONE),Male,2,0,0,1,1,0,0,0,0,0,0,0,0,0,0,0,0,0,0,0,0,0,0
獅子山,(SIERRA LEONE),Female,0,0,0,0,0,0,0,0,0,0,0,0,0,0,0,0,0,0,0,0,0,0,0
索馬利亞,(SOMALIA),Male,1,0,1,0,0,0,0,0,0,0,0,0,0,0,0,0,0,0,0,0,0,0,0
索馬利亞,(SOMALIA),Female,0,0,0,0,0,0,0,0,0,0,0,0,0,0,0,0,0,0,0,0,0,0,0
南非,(SOUTH AFRICA),Male,650,113,111,60,101,26,43,8,33,10,17,0,11,3,9,10,6,3,12,64,10,0,0
南非,(SOUTH AFRICA),Female,444,55,64,49,53,29,24,8,29,8,17,1,9,3,4,1,5,1,9,69,6,0,0
蘇丹,(SUDAN),Male,8,1,1,3,0,0,3,0,0,0,0,0,0,0,0,0,0,0,0,0,0,0,0
蘇丹,(SUDAN),Female,3,0,0,3,0,0,0,0,0,0,0,0,0,0,0,0,0,0,0,0,0,0,0
史瓦濟蘭,(SWAZILAND),Male,127,15,32,10,5,10,36,1,0,0,3,1,0,1,7,0,4,0,0,2,0,0,0
史瓦濟蘭,(SWAZILAND),Female,96,10,23,7,8,6,33,0,0,0,1,0,0,0,4,0,3,0,0,1,0,0,0
坦尚尼亞,(TANZANIA),Male,8,3,1,0,1,2,0,0,1,0,0,0,0,0,0,0,0,0,0,0,0,0,0
坦尚尼亞,(TANZANIA),Female,1,0,0,0,1,0,0,0,0,0,0,0,0,0,0,0,0,0,0,0,0,0,0
多哥共和國,(TOGO),Male,4,4,0,0,0,0,0,0,0,0,0,0,0,0,0,0,0,0,0,0,0,0,0
多哥共和國,(TOGO),Female,0,0,0,0,0,0,0,0,0,0,0,0,0,0,0,0,0,0,0,0,0,0,0
突尼西亞,(TUNISIA),Male,8,1,4,2,0,0,0,0,0,0,0,0,0,0,0,0,0,0,0,0,1,0,0
突尼西亞,(TUNISIA),Female,0,0,0,0,0,0,0,0,0,0,0,0,0,0,0,0,0,0,0,0,0,0,0
烏干達,(UGANDA),Male,9,1,0,1,2,0,0,0,4,0,0,0,0,0,0,0,1,0,0,0,0,0,0
烏干達,(UGANDA),Female,6,0,2,0,0,0,0,0,4,0,0,0,0,0,0,0,0,0,0,0,0,0,0
埃及,(EGYPT),Male,51,8,18,2,1,3,8,0,1,0,0,0,0,0,1,0,0,0,0,9,0,0,0
埃及,(EGYPT),Female,7,0,4,0,0,0,3,0,0,0,0,0,0,0,0,0,0,0,0,0,0,0,0
布吉納法索,(BURKINA FASO),Male,102,28,14,4,5,14,10,0,1,0,1,0,0,1,9,0,3,0,2,10,0,0,0
布吉納法索,(BURKINA FASO),Female,15,4,1,1,2,2,2,0,0,0,0,0,0,0,0,0,2,0,0,1,0,0,0
尚比亞,(ZAMBIA),Male,2,1,0,0,1,0,0,0,0,0,0,0,0,0,0,0,0,0,0,0,0,0,0
尚比亞,(ZAMBIA),Female,2,0,0,0,2,0,0,0,0,0,0,0,0,0,0,0,0,0,0,0,0,0,0
巴林,(BAHRAIN),Male,1,0,1,0,0,0,0,0,0,0,0,0,0,0,0,0,0,0,0,0,0,0,0
巴林,(BAHRAIN),Female,0,0,0,0,0,0,0,0,0,0,0,0,0,0,0,0,0,0,0,0,0,0,0
莫三比克,(MOZAMBIQUE),Male,2,0,0,1,1,0,0,0,0,0,0,0,0,0,0,0,0,0,0,0,0,0,0
莫三比克,(MOZAMBIQUE),Female,2,0,1,0,0,0,1,0,0,0,0,0,0,0,0,0,0,0,0,0,0,0,0
幾內亞比索共和國,(GUINEA BISSAU),Male,1,0,0,1,0,0,0,0,0,0,0,0,0,0,0,0,0,0,0,0,0,0,0
幾內亞比索共和國,(GUINEA BISSAU),Female,0,0,0,0,0,0,0,0,0,0,0,0,0,0,0,0,0,0,0,0,0,0,0
聖多美及普林西比,(SAO TOME AND PRINCIPE),Male,12,6,3,1,0,0,0,0,0,0,0,0,0,0,0,0,0,0,0,2,0,0,0
聖多美及普林西比,(SAO TOME AND PRINCIPE),Female,9,5,1,1,0,0,0,1,0,0,0,0,0,0,0,0,0,0,1,0,0,0,0
那密比亞,(NAMIBIA),Male,2,0,0,0,0,1,1,0,0,0,0,0,0,0,0,0,0,0,0,0,0,0,0
那密比亞,(NAMIBIA),Female,2,1,0,0,0,0,0,0,0,0,1,0,0,0,0,0,0,0,0,0,0,0,0
剛果民主共和國,(THE REPUBLIC OF CONGO),Male,7,0,7,0,0,0,0,0,0,0,0,0,0,0,0,0,0,0,0,0,0,0,0
剛果民主共和國,(THE REPUBLIC OF CONGO),Female,2,0,0,0,1,0,0,0,0,0,0,0,0,0,0,0,0,0,0,1,0,0,0
聖文森及格瑞那丁,(SAINT VINCENT AND THE GRENADINES),Male,29,1,9,2,2,4,6,0,0,0,0,0,0,0,1,0,1,0,0,3,0,0,0
聖文森及格瑞那丁,(SAINT VINCENT AND THE GRENADINES),Female,44,2,14,2,4,4,4,0,2,1,0,1,0,0,3,0,0,0,1,5,1,0,0
聖露西亞,(SAINT LUCIA),Male,42,7,4,6,2,5,8,1,0,1,1,0,0,0,2,0,1,0,0,4,0,0,0
聖露西亞,(SAINT LUCIA),Female,44,12,5,1,4,1,16,0,0,0,0,0,0,0,2,0,1,0,1,1,0,0,0
聖克里斯多福,(SAINT CHRISTOPHER),Male,34,3,5,5,1,3,5,0,1,0,0,0,1,0,2,0,5,0,1,2,0,0,0
聖克里斯多福,(SAINT CHRISTOPHER),Female,24,2,9,1,1,0,4,1,0,0,1,0,0,0,2,0,2,0,0,1,0,0,0
貝理斯,(BELIZE),Male,78,5,17,5,5,21,5,0,1,0,0,0,0,2,6,0,4,0,2,5,0,0,0
貝理斯,(BELIZE),Female,56,2,19,2,3,10,9,0,1,0,0,0,0,0,1,0,3,0,1,5,0,0,0
其它,(OTHER),Male,2,0,0,0,1,0,0,0,0,0,0,0,0,0,0,0,0,0,0,1,0,0,0
其它,(OTHER),Female,1,0,0,0,0,0,0,0,0,0,0,0,0,0,0,0,1,0,0,0,0,0,0